date,time,open,high,low,close,volume
1240102,930,14997.50,15005.00,14992.50,15000.00,125
1240102,931,15005.92,15013.42,15000.92,15008.42,125
1240102,932,15014.10,15021.60,15009.10,15016.60,125
1240102,933,15021.84,15029.34,15016.84,15024.34,125
1240102,934,15028.94,15036.44,15023.94,15031.44,125
1240102,935,15035.23,15042.73,15030.23,15037.73,125
1240102,936,15040.60,15048.10,15035.60,15043.10,125
1240102,937,15044.96,15052.46,15039.96,15047.46,125
1240102,938,15048.30,15055.80,15043.30,15050.80,125
1240102,939,15050.63,15058.13,15045.63,15053.13,125
1240102,940,15052.02,15059.52,15047.02,15054.52,125
1240102,941,15052.57,15060.07,15047.57,15055.07,125
1240102,942,15052.42,15059.92,15047.42,15054.92,125
1240102,943,15051.72,15059.22,15046.72,15054.22,125
1240102,944,15050.64,15058.14,15045.64,15053.14,125
1240102,945,15049.36,15056.86,15044.36,15051.86,125
1240102,946,15048.01,15055.51,15043.01,15050.51,125
1240102,947,15046.74,15054.24,15041.74,15049.24,125
1240102,948,15045.64,15053.14,15040.64,15048.14,125
1240102,949,15044.78,15052.28,15039.78,15047.28,125
1240102,950,15044.17,15051.67,15039.17,15046.67,125
1240102,951,15043.79,15051.29,15038.79,15046.29,125
1240102,952,15043.59,15051.09,15038.59,15046.09,125
1240102,953,15043.47,15050.97,15038.47,15045.97,125
1240102,954,15043.29,15050.79,15038.29,15045.79,125
1240102,955,15042.92,15050.42,15037.92,15045.42,125
1240102,956,15042.19,15049.69,15037.19,15044.69,125
1240102,957,15040.96,15048.46,15035.96,15043.46,125
1240102,958,15039.07,15046.57,15034.07,15041.57,125
1240102,959,15036.42,15043.92,15031.42,15038.92,125
1240102,1000,15032.91,15040.41,15027.91,15035.41,125
1240102,1001,15028.50,15036.00,15023.50,15031.00,125
1240102,1002,15023.20,15030.70,15018.20,15025.70,125
1240102,1003,15017.04,15024.54,15012.04,15019.54,125
1240102,1004,15010.12,15017.62,15005.12,15012.62,125
1240102,1005,15002.58,15010.08,14997.58,15005.08,125
1240102,1006,14994.60,15002.10,14989.60,14997.10,125
1240102,1007,14986.37,14993.87,14981.37,14988.87,125
1240102,1008,14978.13,14985.63,14973.13,14980.63,125
1240102,1009,14970.09,14977.59,14965.09,14972.59,125
1240102,1010,14962.48,14969.98,14957.48,14964.98,125
1240102,1011,14955.52,14963.02,14950.52,14958.02,125
1240102,1012,14949.38,14956.88,14944.38,14951.88,125
1240102,1013,14944.20,14951.70,14939.20,14946.70,125
1240102,1014,14940.09,14947.59,14935.09,14942.59,125
1240102,1015,14937.11,14944.61,14932.11,14939.61,125
1240102,1016,14935.24,14942.74,14930.24,14937.74,125
1240102,1017,14934.46,14941.96,14929.46,14936.96,125
1240102,1018,14934.67,14942.17,14929.67,14937.17,125
1240102,1019,14935.75,14943.25,14930.75,14938.25,125
1240102,1020,14937.54,14945.04,14932.54,14940.04,125
1240102,1021,14939.86,14947.36,14934.86,14942.36,125
1240102,1022,14942.55,14950.05,14937.55,14945.05,125
1240102,1023,14945.41,14952.91,14940.41,14947.91,125
1240102,1024,14948.30,14955.80,14943.30,14950.80,125
1240102,1025,14951.08,14958.58,14946.08,14953.58,125
1240102,1026,14953.63,14961.13,14948.63,14956.13,125
1240102,1027,14955.91,14963.41,14950.91,14958.41,125
1240102,1028,14957.89,14965.39,14952.89,14960.39,125
1240102,1029,14959.60,14967.10,14954.60,14962.10,125
1240102,1030,14961.08,14968.58,14956.08,14963.58,125
1240102,1031,14962.45,14969.95,14957.45,14964.95,125
1240102,1032,14963.82,14971.32,14958.82,14966.32,125
1240102,1033,14965.33,14972.83,14960.33,14967.83,125
1240102,1034,14967.14,14974.64,14962.14,14969.64,125
1240102,1035,14969.38,14976.88,14964.38,14971.88,125
1240102,1036,14972.19,14979.69,14967.19,14974.69,125
1240102,1037,14975.67,14983.17,14970.67,14978.17,125
1240102,1038,14979.89,14987.39,14974.89,14982.39,125
1240102,1039,14984.88,14992.38,14979.88,14987.38,125
1240102,1040,14990.61,14998.11,14985.61,14993.11,125
1240102,1041,14997.04,15004.54,14992.04,14999.54,125
1240102,1042,15004.04,15011.54,14999.04,15006.54,125
1240102,1043,15011.48,15018.98,15006.48,15013.98,125
1240102,1044,15019.17,15026.67,15014.17,15021.67,125
1240102,1045,15026.90,15034.40,15021.90,15029.40,125
1240102,1046,15034.45,15041.95,15029.45,15036.95,125
1240102,1047,15041.60,15049.10,15036.60,15044.10,125
1240102,1048,15048.13,15055.63,15043.13,15050.63,125
1240102,1049,15053.85,15061.35,15048.85,15056.35,125
1240102,1050,15058.60,15066.10,15053.60,15061.10,125
1240102,1051,15062.26,15069.76,15057.26,15064.76,125
1240102,1052,15064.74,15072.24,15059.74,15067.24,125
1240102,1053,15066.02,15073.52,15061.02,15068.52,125
1240102,1054,15066.12,15073.62,15061.12,15068.62,125
1240102,1055,15065.12,15072.62,15060.12,15067.62,125
1240102,1056,15063.12,15070.62,15058.12,15065.62,125
1240102,1057,15060.27,15067.77,15055.27,15062.77,125
1240102,1058,15056.76,15064.26,15051.76,15059.26,125
1240102,1059,15052.75,15060.25,15047.75,15055.25,125
1240102,1100,15048.46,15055.96,15043.46,15050.96,125
1240102,1101,15044.06,15051.56,15039.06,15046.56,125
1240102,1102,15039.72,15047.22,15034.72,15042.22,125
1240102,1103,15035.58,15043.08,15030.58,15038.08,125
1240102,1104,15031.74,15039.24,15026.74,15034.24,125
1240102,1105,15028.27,15035.77,15023.27,15030.77,125
1240102,1106,15025.17,15032.67,15020.17,15027.67,125
1240102,1107,15022.43,15029.93,15017.43,15024.93,125
1240102,1108,15019.99,15027.49,15014.99,15022.49,125
1240102,1109,15017.75,15025.25,15012.75,15020.25,125
1240102,1110,15015.57,15023.07,15010.57,15018.07,125
1240102,1111,15013.34,15020.84,15008.34,15015.84,125
1240102,1112,15010.90,15018.40,15005.90,15013.40,125
1240102,1113,15008.11,15015.61,15003.11,15010.61,125
1240102,1114,15004.86,15012.36,14999.86,15007.36,125
1240102,1115,15001.06,15008.56,14996.06,15003.56,125
1240102,1116,14996.65,15004.15,14991.65,14999.15,125
1240102,1117,14991.61,14999.11,14986.61,14994.11,125
1240102,1118,14985.98,14993.48,14980.98,14988.48,125
1240102,1119,14979.82,14987.32,14974.82,14982.32,125
1240102,1120,14973.25,14980.75,14968.25,14975.75,125
1240102,1121,14966.43,14973.93,14961.43,14968.93,125
1240102,1122,14959.54,14967.04,14954.54,14962.04,125
1240102,1123,14952.80,14960.30,14947.80,14955.30,125
1240102,1124,14946.40,14953.90,14941.40,14948.90,125
1240102,1125,14940.57,14948.07,14935.57,14943.07,125
1240102,1126,14935.51,14943.01,14930.51,14938.01,125
1240102,1127,14931.39,14938.89,14926.39,14933.89,125
1240102,1128,14928.35,14935.85,14923.35,14930.85,125
1240102,1129,14926.50,14934.00,14921.50,14929.00,125
1240102,1130,14925.87,14933.37,14920.87,14928.37,125
1240102,1131,14926.47,14933.97,14921.47,14928.97,125
1240102,1132,14928.25,14935.75,14923.25,14930.75,125
1240102,1133,14931.12,14938.62,14926.12,14933.62,125
1240102,1134,14934.94,14942.44,14929.94,14937.44,125
1240102,1135,14939.54,14947.04,14934.54,14942.04,125
1240102,1136,14944.72,14952.22,14939.72,14947.22,125
1240102,1137,14950.28,14957.78,14945.28,14952.78,125
1240102,1138,14956.02,14963.52,14951.02,14958.52,125
1240102,1139,14961.75,14969.25,14956.75,14964.25,125
1240102,1140,14967.29,14974.79,14962.29,14969.79,125
1240102,1141,14972.51,14980.01,14967.51,14975.01,125
1240102,1142,14977.30,14984.80,14972.30,14979.80,125
1240102,1143,14981.62,14989.12,14976.62,14984.12,125
1240102,1144,14985.45,14992.95,14980.45,14987.95,125
1240102,1145,14988.80,14996.30,14983.80,14991.30,125
1240102,1146,14991.77,14999.27,14986.77,14994.27,125
1240102,1147,14994.44,15001.94,14989.44,14996.94,125
1240102,1148,14996.93,15004.43,14991.93,14999.43,125
1240102,1149,14999.40,15006.90,14994.40,15001.90,125
